urls,texts,dates,Interest
https://www.google.com/search?q=how+do+I+store+my+history+in+a+csv+file+using+a+python+program&oq=how+do+I+store+my+history+in+a+csv+file+using+a+python+program&aqs=chrome..69i57j33i21.23892j0j15&sourceid=chrome&ie=UTF-8,how do I store my history in a csv file using a python program - Google Search,7/8/2022 22:30,study
https://rapid-cloud.ru/embed-6/46Gdl7QBp0fZ?z=&autoPlay=1&oa=0,cloud,6/15/2022 9:35,study
https://zoro.to/watch/beyblade-burst-gachi-7929?ep=66020,Watch Beyblade Burst Gachi English Sub/Dub online Free on Zoro.to,6/15/2022 9:35,entertainment
https://zoro.to/watch/beyblade-burst-gachi-7929,Watch Beyblade Burst Gachi English Sub/Dub online Free on Zoro.to,6/15/2022 9:35,entertainment
https://zoro.to/beyblade-burst-gachi-7929?ref=search,Watch Beyblade Burst Gachi English Sub/Dub online Free on Zoro.to,6/15/2022 9:35,entertainment
https://zoro.to/search?keyword=beyblade+burst,"Watch Anime Online, Free Anime Streaming Online on Zoro.to Anime Website",6/15/2022 9:34,entertainment
https://zoro.to/,"Watch Anime Online, Free Anime Streaming Online on Zoro.to Anime Website",6/15/2022 9:33,entertainment
https://www.google.com/search?q=zoro+tv&oq=&aqs=chrome.0.69i59i450l2.58999654j0j15&sourceid=chrome&ie=UTF-8,zoro tv - Google Search,6/15/2022 9:33,entertainment
https://rapid-cloud.ru/embed-6/YhOfJFKrW6xy?z=&autoPlay=1&oa=0,rapid,6/15/2022 9:06,entertainment
https://zoro.to/watch/beyblade-burst-sparking-6503?ep=76654,Watch Beyblade Burst Sparking ONA episodes English Sub/Dub online Free on Zoro.to,6/15/2022 9:06,entertainment
https://rapid-cloud.ru/embed-6/2emg27m3RTKm?z=&autoPlay=1&oa=0,rapid cloud,6/15/2022 8:56,entertainment
https://zoro.to/watch/beyblade-burst-sparking-6503?ep=76653,Watch Beyblade Burst Sparking ONA episodes English Sub/Dub online Free on Zoro.to,6/15/2022 8:56,entertainment
https://rapid-cloud.ru/embed-6/xQFjRUF68rEB?z=&autoPlay=1&oa=0,rapid cloud,6/15/2022 8:45,entertainment
https://zoro.to/watch/beyblade-burst-sparking-6503?ep=76652,Watch Beyblade Burst Sparking ONA episodes English Sub/Dub online Free on Zoro.to,6/15/2022 8:45,entertainment
https://rapid-cloud.ru/embed-6/DPT3kB7oiRmQ?z=&autoPlay=1&oa=0,rapid cloud,6/15/2022 8:39,entertainment
https://zoro.to/watch/beyblade-burst-sparking-6503?ep=76651,Watch Beyblade Burst Sparking ONA episodes English Sub/Dub online Free on Zoro.to,6/15/2022 8:39,entertainment
https://rapid-cloud.ru/embed-6/NLasrDToFH2j?z=&autoPlay=1&oa=0,rapid cloud,6/15/2022 8:39,entertainment
https://zoro.to/watch/beyblade-burst-sparking-6503?ep=76603,Watch Beyblade Burst Sparking ONA episodes English Sub/Dub online Free on Zoro.to,6/15/2022 8:39,entertainment
https://zoro.to/watch/beyblade-burst-sparking-6503,Watch Beyblade Burst Sparking ONA episodes English Sub/Dub online Free on Zoro.to,6/15/2022 8:39,entertainment
https://zoro.to/beyblade-burst-sparking-6503?ref=search,Watch Beyblade Burst Sparking ONA episodes English Sub/Dub online Free on Zoro.to,6/15/2022 8:39,entertainment
https://zoro.to/search?keyword=beybblade+burst+sparkling,"Watch Anime Online, Free Anime Streaming Online on Zoro.to Anime Website",6/15/2022 8:39,entertainment
https://rapid-cloud.ru/embed-6/I4pMfC5tUEbw?z=&autoPlay=1&oa=0,rapid cloud,6/15/2022 8:39,entertainment
https://rapid-cloud.ru/embed-6/JWvje2IwaPh5?z=&autoPlay=1&oa=0,rapid cloud,6/15/2022 8:38,entertainment
https://zoro.to/watch/beyblade-g-revolution-3866?ep=35569,Watch Beyblade G Revolution English Sub/Dub online Free on Zoro.to,6/15/2022 8:38,entertainment
https://zoro.to/watch/beyblade-g-revolution-3866?ep=35520,Watch Beyblade G Revolution English Sub/Dub online Free on Zoro.to,6/15/2022 8:38,entertainment
https://zoro.to/watch/beyblade-g-revolution-3866,Watch Beyblade G Revolution English Sub/Dub online Free on Zoro.to,6/15/2022 8:37,entertainment
https://zoro.to/search?keyword=beyblade+burst+sparkling,"Watch Anime Online, Free Anime Streaming Online on Zoro.to Anime Website",6/15/2022 8:37,entertainment
https://www.google.com/search?q=zoro+tv&source=hp&ei=80ypYojbKtaaseMPvtul8A4&iflsig=AJiK0e8AAAAAYqlbA_jtwFsWOP5i_moSbUcj3CCEAoTe&ved=0ahUKEwjIoMaTva74AhVWTWwGHb5tCe4Q4dUDCAc&uact=5&oq=zoro+tv&gs_lcp=Cgdnd3Mtd2l6EAMyBAgAEBMyBAgAEBMyBAgAEBMyBAgAEBMyCQguENQCEAoQEzIECAAQEzIECAAQEzIECAAQEzIJCC4Q1AIQChATMgkILhDUAhAKEBM6BQgAEMQCOgsIABCABBCxAxCDAToFCC4QxAI6DgguEIAEELEDEIMBENQCOhEILhCABBCxAxCDARDHARDRAzoRCC4QgAQQsQMQgwEQxwEQowI6CggAELEDEIMBEEM6EAguELEDEMcBENEDENQCEEM6BAgAEEM6CAgAEIAEELEDOgUIABCABDoECC4QQzoGCAAQChATOgQIABANOggIABANEAoQAjoGCAAQDRAKOgYIABAeEA1QAFjhG2CsIWgBcAB4AIABuQGIAYcKkgEDMC44mAEAoAEB&sclient=gws-wiz,zoro tv - Google Search,6/15/2022 8:37,entertainment
https://www.google.com/,Google,6/15/2022 8:37,study
https://www.google.com/search?q=google+.com&oq=google+.com&aqs=chrome..69i57j0i512l3j0i2i512j0i512j0i2i512j0i512j0i131i433i512j0i512.4301j0j15&sourceid=chrome&ie=UTF-8,google .com - Google Search,6/15/2022 8:37,study
https://www.google.com/search?q=google+.com&oq=google+.com&aqs=chrome..69i57j0i512l3j0i2i512j0i512j0i2i512j0i512j0i131i433i512j0i512.4301j0j15&sourceid=chrome&ie=UTF-9,regression analysis in machine learning ,6/16/2022 8:37,study
https://www.google.com/search?q=google+.com&oq=google+.com&aqs=chrome..69i57j0i512l3j0i2i512j0i512j0i2i512j0i512j0i131i433i512j0i512.4301j0j15&sourceid=chrome&ie=UTF-10,machine learning regression,6/17/2022 8:37,study
https://www.google.com/search?q=google+.com&oq=google+.com&aqs=chrome..69i57j0i512l3j0i2i512j0i512j0i2i512j0i512j0i131i433i512j0i512.4301j0j15&sourceid=chrome&ie=UTF-11,instagram,6/18/2022 8:37,entertainment
https://www.google.com/search?q=google+.com&oq=google+.com&aqs=chrome..69i57j0i512l3j0i2i512j0i512j0i2i512j0i512j0i131i433i512j0i512.4301j0j15&sourceid=chrome&ie=UTF-12,A+ search algorithm,6/19/2022 8:37,study
https://www.google.com/search?q=google+.com&oq=google+.com&aqs=chrome..69i57j0i512l3j0i2i512j0i512j0i2i512j0i512j0i131i433i512j0i512.4301j0j15&sourceid=chrome&ie=UTF-13,geeks for geeks ,6/20/2022 8:37,study
https://www.google.com/search?q=google+.com&oq=google+.com&aqs=chrome..69i57j0i512l3j0i2i512j0i512j0i2i512j0i512j0i131i433i512j0i512.4301j0j15&sourceid=chrome&ie=UTF-14,gforg,6/21/2022 8:37,study
https://www.google.com/search?q=google+.com&oq=google+.com&aqs=chrome..69i57j0i512l3j0i2i512j0i512j0i2i512j0i512j0i131i433i512j0i512.4301j0j15&sourceid=chrome&ie=UTF-15,depth first search,6/22/2022 8:37,study
https://www.google.com/search?q=google+.com&oq=google+.com&aqs=chrome..69i57j0i512l3j0i2i512j0i512j0i2i512j0i512j0i131i433i512j0i512.4301j0j15&sourceid=chrome&ie=UTF-16,DFS  algorithm,6/23/2022 8:37,study
https://www.google.com/search?q=google+.com&oq=google+.com&aqs=chrome..69i57j0i512l3j0i2i512j0i512j0i2i512j0i512j0i131i433i512j0i512.4301j0j15&sourceid=chrome&ie=UTF-17,graphic era university,6/24/2022 8:37,study
https://www.google.com/search?q=google+.com&oq=google+.com&aqs=chrome..69i57j0i512l3j0i2i512j0i512j0i2i512j0i512j0i131i433i512j0i512.4301j0j15&sourceid=chrome&ie=UTF-18,ye - google search,6/25/2022 8:37,entertainment
https://www.google.com/search?q=google+.com&oq=google+.com&aqs=chrome..69i57j0i512l3j0i2i512j0i512j0i2i512j0i512j0i131i433i512j0i512.4301j0j15&sourceid=chrome&ie=UTF-19,coursera,6/26/2022 8:37,study
https://www.google.com/search?q=google+.com&oq=google+.com&aqs=chrome..69i57j0i512l3j0i2i512j0i512j0i2i512j0i512j0i131i433i512j0i512.4301j0j15&sourceid=chrome&ie=UTF-20,FAQ and Errata | coursera,6/27/2022 8:37,study
https://www.google.com/search?q=google+.com&oq=google+.com&aqs=chrome..69i57j0i512l3j0i2i512j0i512j0i2i512j0i512j0i131i433i512j0i512.4301j0j15&sourceid=chrome&ie=UTF-21,qualifying quiz ,6/28/2022 8:37,study
https://www.google.com/search?q=google+.com&oq=google+.com&aqs=chrome..69i57j0i512l3j0i2i512j0i512j0i2i512j0i512j0i131i433i512j0i512.4301j0j15&sourceid=chrome&ie=UTF-22,suppose you are compiling for ..,6/29/2022 8:37,study
https://www.google.com/search?q=google+.com&oq=google+.com&aqs=chrome..69i57j0i512l3j0i2i512j0i512j0i2i512j0i512j0i131i433i512j0i512.4301j0j15&sourceid=chrome&ie=UTF-23,software security,6/30/2022 8:37,study
https://www.google.com/search?q=google+.com&oq=google+.com&aqs=chrome..69i57j0i512l3j0i2i512j0i512j0i2i512j0i512j0i131i433i512j0i512.4301j0j15&sourceid=chrome&ie=UTF-24,what is php ? ,7/1/2022 8:37,study
https://www.google.com/search?q=google+.com&oq=google+.com&aqs=chrome..69i57j0i512l3j0i2i512j0i512j0i2i512j0i512j0i131i433i512j0i512.4301j0j15&sourceid=chrome&ie=UTF-25,what is this ,7/2/2022 8:37,study
https://www.google.com/search?q=google+.com&oq=google+.com&aqs=chrome..69i57j0i512l3j0i2i512j0i512j0i2i512j0i512j0i131i433i512j0i512.4301j0j15&sourceid=chrome&ie=UTF-26,what is that ,7/3/2022 8:37,study
https://www.google.com/search?q=google+.com&oq=google+.com&aqs=chrome..69i57j0i512l3j0i2i512j0i512j0i2i512j0i512j0i131i433i512j0i512.4301j0j15&sourceid=chrome&ie=UTF-27,reddit,7/4/2022 8:37,entertainment
https://www.google.com/search?q=google+.com&oq=google+.com&aqs=chrome..69i57j0i512l3j0i2i512j0i512j0i2i512j0i512j0i131i433i512j0i512.4301j0j15&sourceid=chrome&ie=UTF-28,javapoint,7/5/2022 8:37,study
https://www.google.com/search?q=google+.com&oq=google+.com&aqs=chrome..69i57j0i512l3j0i2i512j0i512j0i2i512j0i512j0i131i433i512j0i512.4301j0j15&sourceid=chrome&ie=UTF-29,Export Chrome History - Chrome Web Store,7/6/2022 8:37,study
https://www.google.com/search?q=google+.com&oq=google+.com&aqs=chrome..69i57j0i512l3j0i2i512j0i512j0i2i512j0i512j0i131i433i512j0i512.4301j0j15&sourceid=chrome&ie=UTF-30,Export Chrome History - Chrome Web Store,7/7/2022 8:37,study
https://www.google.com/search?q=google+.com&oq=google+.com&aqs=chrome..69i57j0i512l3j0i2i512j0i512j0i2i512j0i512j0i131i433i512j0i512.4301j0j15&sourceid=chrome&ie=UTF-31,extract history from chrome - Google Search,7/8/2022 8:37,study
https://www.google.com/search?q=google+.com&oq=google+.com&aqs=chrome..69i57j0i512l3j0i2i512j0i512j0i2i512j0i512j0i131i433i512j0i512.4301j0j15&sourceid=chrome&ie=UTF-32,extract history from chrome - Google Search,7/9/2022 8:37,study
https://www.google.com/search?q=google+.com&oq=google+.com&aqs=chrome..69i57j0i512l3j0i2i512j0i512j0i2i512j0i512j0i131i433i512j0i512.4301j0j15&sourceid=chrome&ie=UTF-33,extract history from chrome - Google Search,7/10/2022 8:37,study
https://www.google.com/search?q=google+.com&oq=google+.com&aqs=chrome..69i57j0i512l3j0i2i512j0i512j0i2i512j0i512j0i131i433i512j0i512.4301j0j15&sourceid=chrome&ie=UTF-34,"What Is a CSV File, and How Do I Open It?",7/11/2022 8:37,study
https://www.google.com/search?q=google+.com&oq=google+.com&aqs=chrome..69i57j0i512l3j0i2i512j0i512j0i2i512j0i512j0i131i433i512j0i512.4301j0j15&sourceid=chrome&ie=UTF-35,timeanddate.com,7/12/2022 8:37,study
https://www.google.com/search?q=google+.com&oq=google+.com&aqs=chrome..69i57j0i512l3j0i2i512j0i512j0i2i512j0i512j0i131i433i512j0i512.4301j0j15&sourceid=chrome&ie=UTF-36,timeanddate.com,7/13/2022 8:37,study
https://www.google.com/search?q=google+.com&oq=google+.com&aqs=chrome..69i57j0i512l3j0i2i512j0i512j0i2i512j0i512j0i131i433i512j0i512.4301j0j15&sourceid=chrome&ie=UTF-37,(1) MS Excel - Import Live Data From Web to Excel - YouTube,7/14/2022 8:37,study
https://www.google.com/search?q=google+.com&oq=google+.com&aqs=chrome..69i57j0i512l3j0i2i512j0i512j0i2i512j0i512j0i131i433i512j0i512.4301j0j15&sourceid=chrome&ie=UTF-38,timeanddate.com,7/15/2022 8:37,study
https://www.google.com/search?q=google+.com&oq=google+.com&aqs=chrome..69i57j0i512l3j0i2i512j0i512j0i2i512j0i512j0i131i433i512j0i512.4301j0j15&sourceid=chrome&ie=UTF-39,Self learning,7/16/2022 8:37,study
https://www.google.com/search?q=google+.com&oq=google+.com&aqs=chrome..69i57j0i512l3j0i2i512j0i512j0i2i512j0i512j0i131i433i512j0i512.4301j0j15&sourceid=chrome&ie=UTF-40,"What Is a CSV File, and How Do I Open It?",7/17/2022 8:37,study
https://www.google.com/search?q=google+.com&oq=google+.com&aqs=chrome..69i57j0i512l3j0i2i512j0i512j0i2i512j0i512j0i131i433i512j0i512.4301j0j15&sourceid=chrome&ie=UTF-41,"What Is a CSV File, and How Do I Open It?",7/18/2022 8:37,study
https://www.google.com/search?q=google+.com&oq=google+.com&aqs=chrome..69i57j0i512l3j0i2i512j0i512j0i2i512j0i512j0i131i433i512j0i512.4301j0j15&sourceid=chrome&ie=UTF-42,(1) MS Excel - Import Live Data From Web to Excel - YouTube,7/19/2022 8:37,study
https://www.google.com/search?q=google+.com&oq=google+.com&aqs=chrome..69i57j0i512l3j0i2i512j0i512j0i2i512j0i512j0i131i433i512j0i512.4301j0j15&sourceid=chrome&ie=UTF-43,what is .csv file - Google Search,7/20/2022 8:37,study
https://www.google.com/search?q=google+.com&oq=google+.com&aqs=chrome..69i57j0i512l3j0i2i512j0i512j0i2i512j0i512j0i131i433i512j0i512.4301j0j15&sourceid=chrome&ie=UTF-44,what is .csv file - Google Search,7/21/2022 8:37,study
https://www.google.com/search?q=google+.com&oq=google+.com&aqs=chrome..69i57j0i512l3j0i2i512j0i512j0i2i512j0i512j0i131i433i512j0i512.4301j0j15&sourceid=chrome&ie=UTF-45,what is .csv file - Google Search,7/22/2022 8:37,study
https://www.google.com/search?q=google+.com&oq=google+.com&aqs=chrome..69i57j0i512l3j0i2i512j0i512j0i2i512j0i512j0i131i433i512j0i512.4301j0j15&sourceid=chrome&ie=UTF-46,Learn the Basics of Machine Learning | Free ML for Beginners Program,7/23/2022 8:37,study
https://www.google.com/search?q=google+.com&oq=google+.com&aqs=chrome..69i57j0i512l3j0i2i512j0i512j0i2i512j0i512j0i131i433i512j0i512.4301j0j15&sourceid=chrome&ie=UTF-47,(1) How to make a CSV file - YouTube,7/24/2022 8:37,study
https://www.google.com/search?q=google+.com&oq=google+.com&aqs=chrome..69i57j0i512l3j0i2i512j0i512j0i2i512j0i512j0i131i433i512j0i512.4301j0j15&sourceid=chrome&ie=UTF-48,(1) how to create .csv file - YouTube,7/25/2022 8:37,entertainment
https://www.google.com/search?q=google+.com&oq=google+.com&aqs=chrome..69i57j0i512l3j0i2i512j0i512j0i2i512j0i512j0i131i433i512j0i512.4301j0j15&sourceid=chrome&ie=UTF-49,(1) Download and Install Browser History Examiner || RC - YouTube,7/26/2022 8:37,entertainment
https://www.google.com/search?q=google+.com&oq=google+.com&aqs=chrome..69i57j0i512l3j0i2i512j0i512j0i2i512j0i512j0i131i433i512j0i512.4301j0j15&sourceid=chrome&ie=UTF-50,Learn the Basics of Machine Learning | Free ML for Beginners Program,7/27/2022 8:37,entertainment
https://www.google.com/search?q=google+.com&oq=google+.com&aqs=chrome..69i57j0i512l3j0i2i512j0i512j0i2i512j0i512j0i131i433i512j0i512.4301j0j15&sourceid=chrome&ie=UTF-51,Free Online Courses to Power Your Future | SkillUp by Simplilearn,7/28/2022 8:37,study
https://www.google.com/search?q=google+.com&oq=google+.com&aqs=chrome..69i57j0i512l3j0i2i512j0i512j0i2i512j0i512j0i131i433i512j0i512.4301j0j15&sourceid=chrome&ie=UTF-52,Predicting Human Behaviour Activity using Deep Learning (LSTM) | by Ajay Kumar Sharma | Medium,7/29/2022 8:37,study
https://www.google.com/search?q=google+.com&oq=google+.com&aqs=chrome..69i57j0i512l3j0i2i512j0i512j0i2i512j0i512j0i131i433i512j0i512.4301j0j15&sourceid=chrome&ie=UTF-53,(1) Download and Install Browser History Examiner || RC - YouTube,7/30/2022 8:37,study
https://www.google.com/search?q=google+.com&oq=google+.com&aqs=chrome..69i57j0i512l3j0i2i512j0i512j0i2i512j0i512j0i131i433i512j0i512.4301j0j15&sourceid=chrome&ie=UTF-54,(1) how to download brower history packag - YouTube,7/31/2022 8:37,study
https://www.google.com/search?q=google+.com&oq=google+.com&aqs=chrome..69i57j0i512l3j0i2i512j0i512j0i2i512j0i512j0i131i433i512j0i512.4301j0j15&sourceid=chrome&ie=UTF-55,Self learning,8/1/2022 8:37,study
https://www.google.com/search?q=google+.com&oq=google+.com&aqs=chrome..69i57j0i512l3j0i2i512j0i512j0i2i512j0i512j0i131i433i512j0i512.4301j0j15&sourceid=chrome&ie=UTF-56,(1) UTTARANCHAL UNIVERSITY CAMPUS TOUR | Episode #1 - YouTube,8/2/2022 8:37,entertainment
https://www.google.com/search?q=google+.com&oq=google+.com&aqs=chrome..69i57j0i512l3j0i2i512j0i512j0i2i512j0i512j0i131i433i512j0i512.4301j0j15&sourceid=chrome&ie=UTF-57,(1) Walk Through | Uttaranchal University - YouTube,8/3/2022 8:37,entertainment
https://www.google.com/search?q=google+.com&oq=google+.com&aqs=chrome..69i57j0i512l3j0i2i512j0i512j0i2i512j0i512j0i131i433i512j0i512.4301j0j15&sourceid=chrome&ie=UTF-58,(1) UTTARANCHAL UNIVERSITY CAMPUS TOUR | Episode #1 - YouTube,8/4/2022 8:37,entertainment
https://www.google.com/search?q=google+.com&oq=google+.com&aqs=chrome..69i57j0i512l3j0i2i512j0i512j0i2i512j0i512j0i131i433i512j0i512.4301j0j15&sourceid=chrome&ie=UTF-59,(1) Walk Through | Uttaranchal University - YouTube,8/5/2022 8:37,entertainment
https://www.google.com/search?q=google+.com&oq=google+.com&aqs=chrome..69i57j0i512l3j0i2i512j0i512j0i2i512j0i512j0i131i433i512j0i512.4301j0j15&sourceid=chrome&ie=UTF-60,(1) Walk Through | Uttaranchal University - YouTube,8/6/2022 8:37,entertainment
https://www.google.com/search?q=google+.com&oq=google+.com&aqs=chrome..69i57j0i512l3j0i2i512j0i512j0i2i512j0i512j0i131i433i512j0i512.4301j0j15&sourceid=chrome&ie=UTF-61,uttaranchal university - Google Search,8/7/2022 8:37,entertainment
https://www.google.com/search?q=google+.com&oq=google+.com&aqs=chrome..69i57j0i512l3j0i2i512j0i512j0i2i512j0i512j0i131i433i512j0i512.4301j0j15&sourceid=chrome&ie=UTF-62,uttaranchal university - Google Search,8/8/2022 8:37,entertainment
https://www.google.com/search?q=google+.com&oq=google+.com&aqs=chrome..69i57j0i512l3j0i2i512j0i512j0i2i512j0i512j0i131i433i512j0i512.4301j0j15&sourceid=chrome&ie=UTF-63,uttaranchal university - Google Search,8/9/2022 8:37,entertainment
https://www.google.com/search?q=google+.com&oq=google+.com&aqs=chrome..69i57j0i512l3j0i2i512j0i512j0i2i512j0i512j0i131i433i512j0i512.4301j0j15&sourceid=chrome&ie=UTF-64,uttaranchal university - Google Search,8/10/2022 8:37,entertainment
https://www.google.com/search?q=google+.com&oq=google+.com&aqs=chrome..69i57j0i512l3j0i2i512j0i512j0i2i512j0i512j0i131i433i512j0i512.4301j0j15&sourceid=chrome&ie=UTF-65,uttaranchal university - Google Search,8/11/2022 8:37,entertainment
https://www.google.com/search?q=google+.com&oq=google+.com&aqs=chrome..69i57j0i512l3j0i2i512j0i512j0i2i512j0i512j0i131i433i512j0i512.4301j0j15&sourceid=chrome&ie=UTF-66,behaviour analysis using machine learning - Google Search,8/12/2022 8:37,study
https://www.google.com/search?q=google+.com&oq=google+.com&aqs=chrome..69i57j0i512l3j0i2i512j0i512j0i2i512j0i512j0i131i433i512j0i512.4301j0j15&sourceid=chrome&ie=UTF-67,Self learning,8/13/2022 8:37,study
https://www.google.com/search?q=google+.com&oq=google+.com&aqs=chrome..69i57j0i512l3j0i2i512j0i512j0i2i512j0i512j0i131i433i512j0i512.4301j0j15&sourceid=chrome&ie=UTF-68,Learn the Basics of Machine Learning | Free ML for Beginners Program,8/14/2022 8:37,study
https://www.google.com/search?q=google+.com&oq=google+.com&aqs=chrome..69i57j0i512l3j0i2i512j0i512j0i2i512j0i512j0i131i433i512j0i512.4301j0j15&sourceid=chrome&ie=UTF-69,Self learning,8/15/2022 8:37,study
https://www.google.com/search?q=google+.com&oq=google+.com&aqs=chrome..69i57j0i512l3j0i2i512j0i512j0i2i512j0i512j0i131i433i512j0i512.4301j0j15&sourceid=chrome&ie=UTF-70,Dashboard,8/16/2022 8:37,study
https://www.google.com/search?q=google+.com&oq=google+.com&aqs=chrome..69i57j0i512l3j0i2i512j0i512j0i2i512j0i512j0i131i433i512j0i512.4301j0j15&sourceid=chrome&ie=UTF-71,Learning on Simplilearn,8/17/2022 8:37,study
https://www.google.com/search?q=google+.com&oq=google+.com&aqs=chrome..69i57j0i512l3j0i2i512j0i512j0i2i512j0i512j0i131i433i512j0i512.4301j0j15&sourceid=chrome&ie=UTF-72,Learning on Simplilearn,8/18/2022 8:37,study
https://www.google.com/search?q=google+.com&oq=google+.com&aqs=chrome..69i57j0i512l3j0i2i512j0i512j0i2i512j0i512j0i131i433i512j0i512.4301j0j15&sourceid=chrome&ie=UTF-73,Learning on Simplilearn,8/19/2022 8:37,study
https://www.google.com/search?q=google+.com&oq=google+.com&aqs=chrome..69i57j0i512l3j0i2i512j0i512j0i2i512j0i512j0i131i433i512j0i512.4301j0j15&sourceid=chrome&ie=UTF-74,Dashboard,8/20/2022 8:37,study
https://www.google.com/search?q=google+.com&oq=google+.com&aqs=chrome..69i57j0i512l3j0i2i512j0i512j0i2i512j0i512j0i131i433i512j0i512.4301j0j15&sourceid=chrome&ie=UTF-75,Learning on Simplilearn,8/21/2022 8:37,study
https://www.google.com/search?q=google+.com&oq=google+.com&aqs=chrome..69i57j0i512l3j0i2i512j0i512j0i2i512j0i512j0i131i433i512j0i512.4301j0j15&sourceid=chrome&ie=UTF-76,Learning on Simplilearn,8/22/2022 8:37,study
https://www.google.com/search?q=google+.com&oq=google+.com&aqs=chrome..69i57j0i512l3j0i2i512j0i512j0i2i512j0i512j0i131i433i512j0i512.4301j0j15&sourceid=chrome&ie=UTF-77,Learning on Simplilearn,8/23/2022 8:37,study
https://www.google.com/search?q=google+.com&oq=google+.com&aqs=chrome..69i57j0i512l3j0i2i512j0i512j0i2i512j0i512j0i131i433i512j0i512.4301j0j15&sourceid=chrome&ie=UTF-78,skillup free courses - Google Search,8/24/2022 8:37,study
https://www.google.com/search?q=google+.com&oq=google+.com&aqs=chrome..69i57j0i512l3j0i2i512j0i512j0i2i512j0i512j0i131i433i512j0i512.4301j0j15&sourceid=chrome&ie=UTF-79,Free Online Courses to Power Your Future | SkillUp by Simplilearn,8/25/2022 8:37,study
https://www.google.com/search?q=google+.com&oq=google+.com&aqs=chrome..69i57j0i512l3j0i2i512j0i512j0i2i512j0i512j0i131i433i512j0i512.4301j0j15&sourceid=chrome&ie=UTF-80,Learn the Basics of Machine Learning | Free ML for Beginners Program,8/26/2022 8:37,study
https://www.google.com/search?q=google+.com&oq=google+.com&aqs=chrome..69i57j0i512l3j0i2i512j0i512j0i2i512j0i512j0i131i433i512j0i512.4301j0j15&sourceid=chrome&ie=UTF-81,Introduction to Deep Learning,8/27/2022 8:37,study
https://www.google.com/search?q=google+.com&oq=google+.com&aqs=chrome..69i57j0i512l3j0i2i512j0i512j0i2i512j0i512j0i131i433i512j0i512.4301j0j15&sourceid=chrome&ie=UTF-82,Introduction to Deep Learning,8/28/2022 8:37,study
https://www.google.com/search?q=google+.com&oq=google+.com&aqs=chrome..69i57j0i512l3j0i2i512j0i512j0i2i512j0i512j0i131i433i512j0i512.4301j0j15&sourceid=chrome&ie=UTF-83,Free Online Courses to Power Your Future | SkillUp by Simplilearn,8/29/2022 8:37,study
https://www.google.com/search?q=google+.com&oq=google+.com&aqs=chrome..69i57j0i512l3j0i2i512j0i512j0i2i512j0i512j0i131i433i512j0i512.4301j0j15&sourceid=chrome&ie=UTF-84,Free Online Courses to Power Your Future | SkillUp by Simplilearn,8/30/2022 8:37,study
https://www.google.com/search?q=google+.com&oq=google+.com&aqs=chrome..69i57j0i512l3j0i2i512j0i512j0i2i512j0i512j0i131i433i512j0i512.4301j0j15&sourceid=chrome&ie=UTF-85,Free Online Courses to Power Your Future | SkillUp by Simplilearn,8/31/2022 8:37,study
https://www.google.com/search?q=google+.com&oq=google+.com&aqs=chrome..69i57j0i512l3j0i2i512j0i512j0i2i512j0i512j0i131i433i512j0i512.4301j0j15&sourceid=chrome&ie=UTF-86,Free Online Courses to Power Your Future | SkillUp by Simplilearn,9/1/2022 8:37,study
https://www.google.com/search?q=google+.com&oq=google+.com&aqs=chrome..69i57j0i512l3j0i2i512j0i512j0i2i512j0i512j0i131i433i512j0i512.4301j0j15&sourceid=chrome&ie=UTF-87,Online Courses & Certification Programs for IT Professionals | SkillUp Online,9/2/2022 8:37,study
https://www.google.com/search?q=google+.com&oq=google+.com&aqs=chrome..69i57j0i512l3j0i2i512j0i512j0i2i512j0i512j0i131i433i512j0i512.4301j0j15&sourceid=chrome&ie=UTF-88,skillup free courses - Google Search,9/3/2022 8:37,study
https://www.google.com/search?q=google+.com&oq=google+.com&aqs=chrome..69i57j0i512l3j0i2i512j0i512j0i2i512j0i512j0i131i433i512j0i512.4301j0j15&sourceid=chrome&ie=UTF-89,skillup free courses - Google Search,9/4/2022 8:37,study
https://www.google.com/search?q=google+.com&oq=google+.com&aqs=chrome..69i57j0i512l3j0i2i512j0i512j0i2i512j0i512j0i131i433i512j0i512.4301j0j15&sourceid=chrome&ie=UTF-90,skillup free courses - Google Search,9/5/2022 8:37,study
https://www.google.com/search?q=google+.com&oq=google+.com&aqs=chrome..69i57j0i512l3j0i2i512j0i512j0i2i512j0i512j0i131i433i512j0i512.4301j0j15&sourceid=chrome&ie=UTF-91,Free PDF Editor - Free - download for Windows,9/6/2022 8:37,study
https://www.google.com/search?q=google+.com&oq=google+.com&aqs=chrome..69i57j0i512l3j0i2i512j0i512j0i2i512j0i512j0i131i433i512j0i512.4301j0j15&sourceid=chrome&ie=UTF-92,Download Free PDF Editor for Windows - Free - 1.3,9/7/2022 8:37,study
https://www.google.com/search?q=google+.com&oq=google+.com&aqs=chrome..69i57j0i512l3j0i2i512j0i512j0i2i512j0i512j0i131i433i512j0i512.4301j0j15&sourceid=chrome&ie=UTF-93,pdf editor download for pc - Google Search,9/8/2022 8:37,study
https://www.google.com/search?q=google+.com&oq=google+.com&aqs=chrome..69i57j0i512l3j0i2i512j0i512j0i2i512j0i512j0i131i433i512j0i512.4301j0j15&sourceid=chrome&ie=UTF-94,pdf editor download for pc - Google Search,9/9/2022 8:37,study
https://www.google.com/search?q=google+.com&oq=google+.com&aqs=chrome..69i57j0i512l3j0i2i512j0i512j0i2i512j0i512j0i131i433i512j0i512.4301j0j15&sourceid=chrome&ie=UTF-95,pdf editor download for pc - Google Search,9/10/2022 8:37,study
https://www.google.com/search?q=google+.com&oq=google+.com&aqs=chrome..69i57j0i512l3j0i2i512j0i512j0i2i512j0i512j0i131i433i512j0i512.4301j0j15&sourceid=chrome&ie=UTF-96,Predicting Human Behaviour Activity using Deep Learning (LSTM) | by Ajay Kumar Sharma | Medium,9/11/2022 8:37,study
https://www.google.com/search?q=google+.com&oq=google+.com&aqs=chrome..69i57j0i512l3j0i2i512j0i512j0i2i512j0i512j0i131i433i512j0i512.4301j0j15&sourceid=chrome&ie=UTF-97,Predicting Human Behaviour Activity using Deep Learning (LSTM) | by Ajay Kumar Sharma | Medium,9/12/2022 8:37,study
https://www.google.com/search?q=google+.com&oq=google+.com&aqs=chrome..69i57j0i512l3j0i2i512j0i512j0i2i512j0i512j0i131i433i512j0i512.4301j0j15&sourceid=chrome&ie=UTF-98,Predicting Human Behaviour Activity using Deep Learning (LSTM) | by Ajay Kumar Sharma | Medium,9/13/2022 8:37,study
https://www.google.com/search?q=google+.com&oq=google+.com&aqs=chrome..69i57j0i512l3j0i2i512j0i512j0i2i512j0i512j0i131i433i512j0i512.4301j0j15&sourceid=chrome&ie=UTF-99,behaviour analysis using machine learning - Google Search,9/14/2022 8:37,study
https://www.google.com/search?q=google+.com&oq=google+.com&aqs=chrome..69i57j0i512l3j0i2i512j0i512j0i2i512j0i512j0i131i433i512j0i512.4301j0j15&sourceid=chrome&ie=UTF-100,behaviour analysis using machine learning - Google Search,9/15/2022 8:37,study
https://www.google.com/search?q=google+.com&oq=google+.com&aqs=chrome..69i57j0i512l3j0i2i512j0i512j0i2i512j0i512j0i131i433i512j0i512.4301j0j15&sourceid=chrome&ie=UTF-101,behaviour analysis using machine learning - Google Search,9/16/2022 8:37,study
https://www.google.com/search?q=google+.com&oq=google+.com&aqs=chrome..69i57j0i512l3j0i2i512j0i512j0i2i512j0i512j0i131i433i512j0i512.4301j0j15&sourceid=chrome&ie=UTF-102,"Unstop - Competitions, Quizzes, Hackathons, Scholarships and Internships for Students and Corporates",9/17/2022 8:37,study
